{ "Tbr": [[1.0, 0.0, 0.0, 0.0], [0.0, 0.4999999701976776, 0.866025447845459, 0.15634000301361084], [0.0, -0.866025447845459, 0.4999999701976776, 0.3772200047969818], [0.0, 0.0, 0.0, 1.0]], "Tbl": [[-1.0, 0.0, 0.0, 0.0], [0.0, -0.4999999701976776, 0.866025447845459, -0.15634000301361084], [0.0, 0.866025447845459, 0.4999999701976776, 0.3772200047969818], [0.0, 0.0, 0.0, 1.0]],"relSlist": [[0.0, 0.0, 0.0, 0.0, 0.0, 0.0, 0.0, 0.0, 0.0, 0.0, 0.0, 0.0], [0.0, -1.0, 0.0, -1.0, -1.0, 0.0, -0.8660254037844386, -0.5, -0.5, -0.8660254037844386, -0.5, -0.8660254037844386], [1.0, 0.0, 1.0, 0.0, 0.0, 1.0, -0.5, 0.8660254037844386, 0.8660254037844386, -0.5, 0.8660254037844386, -0.5], [-2.7284020376328044e-08, -0.22800005099394482, 0.18300003706014356, -0.5780000605283906, -1.0280000613622136, 0.18649998356159336, -1.3992388074665378, -1.0725251307351538, -1.5225251255019496, -1.395739047749504, -1.87252514279421, -1.2127390333338708], [-2.506097746316459e-15, -0.0, 1.2326612339383494e-08, -0.0, -0.0, 4.8585202365420336e-08, -1.1591212115959144e-08, -9.035214962053164e-09, -4.9856175135994726e-08, 4.152449143796892e-08, -8.712215247353886e-08, 6.236366787118699e-08], [0.0, 7.3435132965687835e-09, -0.0, 2.071919731304362e-08, 3.905612144114211e-08, -0.0, 2.007656830614919e-08, -5.2164837905275285e-09, -2.8784476135531685e-08, -7.1922528929021e-08, -5.029999818297729e-08, -1.0801704129924667e-07]], "relBlist": [[-2.1695262401096472e-14, 1.748455570407537e-07, -2.1695262401096472e-14, 1.748455570407537e-07, 1.748455570407537e-07, -2.1695262401096472e-14, 1.5142070498376503e-07, 8.742275973172847e-08, 8.742275973172847e-08, 1.5142070498376503e-07, 8.742275973172847e-08, 1.5142070498376503e-07], [-0.8660252929880414, -0.5000001657228832, -0.8660252929880414, -0.5000001657228832, -0.5000001657228832, -0.8660252929880414, -1.98918425398098e-07, -0.9999999869089469, -0.9999999869089469, -1.98918425398098e-07, -0.9999999869089469, -1.98918425398098e-07], [-0.500000165722887, 0.8660252929880348, -0.500000165722887, 0.8660252929880348, 0.8660252929880348, -0.500000165722887, 0.999999986908943, -1.98918432003925e-07, -1.98918432003925e-07, 0.999999986908943, -1.98918432003925e-07, 0.999999986908943], [-1.2127385956837844, -1.8725253427595878, -1.395738660027949, -1.5225253332251447, -1.072525332391325, -1.3992386065294051, 0.18649976666556325, -1.0280000217822953, -0.5780000270154958, 0.1830000069485201, -0.22800000972323162, -7.467115394296438e-09], [-3.911468425892224e-08, -2.8594613357551515e-07, -4.894975197469677e-08, -2.6693183502515165e-07, -2.434718171177827e-07, -3.112642605966865e-08, -1.4069066111308804e-07, -8.98706017953288e-08, -5.053035370403625e-08, -3.47652141735655e-08, -1.993238236584738e-08, -9.085234669168463e-09], [6.774864195729921e-08, 2.1296101288158926e-07, 8.478347615416213e-08, 1.532759287407038e-07, 7.596815690433293e-08, 5.391258438746641e-08, -2.823994299241757e-08, 3.228087499747871e-08, 1.1277553255626915e-08, -2.770998586012028e-08, 1.3113556965116406e-09, 9.300231641660229e-15]], "relM": [[-0.9999999999999923, -8.742279538891052e-08, 1.5142068134936795e-07, 1.3381257520446685e-07], [-1.748455570407537e-07, 0.5000001657228832, -0.8660252929880348, -1.2127386547197903], [-2.1695262401096472e-14, -0.8660252929880414, -0.500000165722887, -2.100525448749636], [0.0, 0.0, 0.0, 1.0]],"Slist": [[0.0, 4.8965888601467475e-12, 4.8965888601467475e-12, 2.3976582465313225e-23, 9.793177720293495e-12, 7.1930093584727e-23], [0.0, -1.0, -1.0, -4.8965888601227706e-12, -1.0, -9.793177720245541e-12], [1.0, 2.3976582465313225e-23, 2.3976582465313225e-23, 1.0, -4.896588860098794e-12, 1.0], [-0.0, 0.2995, 0.7495, -0.0034999999950226205, 1.0995000000000172, -0.18649999998881622], [-0.0, 1.4665283636139508e-12, 3.6699933506799874e-12, 4.027444337495072e-12, 1.0767598903440245e-11, 3.6161308733035264e-12], [-0.0, 5.337281857559955e-13, 2.737193172822032e-12, 1.980465711625216e-23, 4.6199315895504464e-12, 4.8828374754675285e-23]], "Blist": [[2.3976928654100554e-23, -4.8965888601467475e-12, -4.8965888601467475e-12, 3.4618902214045736e-28, -1.1740516174705233e-34, 6.9237804428385345e-28], [9.793177720245541e-12, -1.0, -1.0, 4.8965888601227706e-12, -1.0, 0.0], [1.0, 9.793177720269518e-12, 9.793177720269518e-12, 1.0, 4.8965888601467475e-12, 1.0], [0.18650000000181666, -1.0279999999991043, -0.5779999999991041, 0.18300000000029382, -0.2280000000000002, 3.5413412302101557e-23], [-5.4425585180605675e-12, 5.03369334818734e-12, 2.830228361142882e-12, -1.380838058561384e-12, -4.0283652976134964e-24, -4.038963052882063e-28], [4.882824562617003e-23, -3.995616509902955e-12, -1.7921515228261296e-12, 6.761330479271026e-24, -8.226269285046539e-13, -1.2912850525166677e-28]], "Mlist": [[[1.0, 0.0, 0.0, 0.0], [0.0, 1.0, 0.0, 0.0], [0.0, 0.0, 1.0, 0.0775], [0.0, 0.0, 0.0, 1.0]], [[4.8965888601467475e-12, 1.0, 4.8965888601467475e-12, 0.0], [0.0, 4.8965888601467475e-12, -1.0, -0.109], [-1.0, 4.8965888601467475e-12, 2.3976582465313225e-23, 0.22199999999999998], [0.0, 0.0, 0.0, 1.0]], [[1.0, 0.0, 0.0, -0.45000000000000007], [0.0, 1.0, 1.1740346660404259e-34, 0.0], [0.0, 1.1740346660404259e-34, 1.0, -0.0305], [0.0, 0.0, 0.0, 1.0]], [[4.8965888601467475e-12, -4.8965888601467475e-12, -1.0, -0.2670000000000001], [1.0, 2.397658246519582e-23, 4.8965888601467475e-12, 8.077935669463161e-28], [0.0, -1.0, 4.8965888601467475e-12, -0.075], [0.0, 0.0, 0.0, 1.0]], [[4.8965888601467475e-12, 1.0, 4.8965888601467475e-12, 0.0], [0.0, 4.8965888601467475e-12, -1.0, -0.11399999999999999], [-1.0, 4.8965888601467475e-12, 2.3976928654100554e-23, 0.08299999999999996], [0.0, 0.0, 0.0, 1.0]], [[4.896588860146747e-12, -4.896588860146747e-12, -1.0, -0.16800000000000015], [1.0, 2.3976236276525892e-23, 4.896588860146748e-12, 6.058451752097371e-28], [-1.1740516174705233e-34, -1.0, 4.8965888601467475e-12, 0.06900000000000003], [0.0, 0.0, 0.0, 1.0]], [[1.0, 2.3481032349525446e-34, 6.9237804428385345e-28, -8.077935669463161e-28], [2.3481032349525446e-34, 1.0, 0.0, 0.0], [6.9237804428385345e-28, 0.0, 1.0, 0.06000000000000005], [0.0, 0.0, 0.0, 1.0]]], "Glist": [[[0.15418559, -2.35e-06, 1.739e-05, 0.0, 0.0, 0.0], [-2.35e-06, 0.12937017, -0.04854267, 0.0, 0.0, 0.0], [1.739e-05, -0.04854267, 0.05964415, 0.0, 0.0, 0.0], [0.0, 0.0, 0.0, 11.8030102, 0.0, 0.0], [0.0, 0.0, 0.0, 0.0, 11.8030102, 0.0], [0.0, 0.0, 0.0, 0.0, 0.0, 11.8030102]], [[0.2935698, -4e-07, 1.441e-05, 0.0, 0.0, 0.0], [-4e-07, 0.28094142, 0.03727972, 0.0, 0.0, 0.0], [1.441e-05, 0.03727972, 0.03620609, 0.0, 0.0, 0.0], [0.0, 0.0, 0.0, 7.99292141, 0.0, 0.0], [0.0, 0.0, 0.0, 0.0, 7.99292141, 0.0], [0.0, 0.0, 0.0, 0.0, 0.0, 7.99292141]], [[0.03424593, 1.49e-06, 7.24e-06, 0.0, 0.0, 0.0], [1.49e-06, 0.03406024, 0.00186009, 0.0, 0.0, 0.0], [7.24e-06, 0.00186009, 0.00450477, 0.0, 0.0, 0.0], [0.0, 0.0, 0.0, 2.99134127, 0.0, 0.0], [0.0, 0.0, 0.0, 0.0, 2.99134127, 0.0], [0.0, 0.0, 0.0, 0.0, 0.0, 2.99134127]], [[0.00670405, 3.75e-06, 1.5e-06, 0.0, 0.0, 0.0], [3.75e-06, 0.00279246, -0.00127967, 0.0, 0.0, 0.0], [1.5e-06, -0.00127967, 0.00619341, 0.0, 0.0, 0.0], [0.0, 0.0, 0.0, 2.12317035, 0.0, 0.0], [0.0, 0.0, 0.0, 0.0, 2.12317035, 0.0], [0.0, 0.0, 0.0, 0.0, 0.0, 2.12317035]], [[0.00994891, 1.4e-07, 3.21e-06, 0.0, 0.0, 0.0], [1.4e-07, 0.00978189, -0.00093546, 0.0, 0.0, 0.0], [3.21e-06, -0.00093546, 0.00271492, 0.0, 0.0, 0.0], [0.0, 0.0, 0.0, 2.28865091, 0.0, 0.0], [0.0, 0.0, 0.0, 0.0, 2.28865091, 0.0], [0.0, 0.0, 0.0, 0.0, 0.0, 2.28865091]], [[0.00043534, 1.3e-07, -2e-08, 0.0, 0.0, 0.0], [1.3e-07, 0.00044549, 5.1e-07, 0.0, 0.0, 0.0], [-2e-08, 5.1e-07, 0.00059634, 0.0, 0.0, 0.0], [0.0, 0.0, 0.0, 0.40083918, 0.0, 0.0], [0.0, 0.0, 0.0, 0.0, 0.40083918, 0.0], [0.0, 0.0, 0.0, 0.0, 0.0, 0.40083918]]], "M": [[1.0, -9.793177720293495e-12, 7.1930093584727e-23, -3.6161308732080396e-12], [9.793177720293495e-12, 1.0, -9.793177720245541e-12, -0.18650000000181666], [2.3976928654100554e-23, 9.793177720245541e-12, 1.0, 1.3274999999991042], [0.0, 0.0, 0.0, 1.0]]}
